source,fetched_at,headline,posted_at,reporter,url
Google News RSS,2026-03-01T22:32:37Z,Nano Banana 2: Combining Pro capabilities with lightning-fast speed - blog.google,2026-02-26T16:10:01Z,blog.google,https://news.google.com/rss/articles/CBMidEFVX3lxTFB6QzB1R3QzSUVpQkNaR0RjWDB4eS1Nc0xtWnFYR2pFd1VtWElsVDVrVnNTX3U3dndMTkkyMGlOMXQ0Y2RVX3N6UENRQXRTQktqaUpjMTM2ZmVZZXQyQjM0elpvVjVJSWJYRk1RNE84OFRWWWxP?oc=5
Google News RSS,2026-03-01T22:32:37Z,Block lays off nearly half its staff because of AI. Its CEO said most companies will do the same - CNN,2026-02-26T22:45:07Z,CNN,https://news.google.com/rss/articles/CBMid0FVX3lxTE9ZRXZZV1YzTUFLSGJxWUwtTkpWWS05ektnVTBFNmVPaWtKVVp6clJiM3dCZW5DUndDR2pGM0RpVFJVOUgyWC1JNlRYZERLdVFVNDI5eE9xNHFHVGt1a2NUYWI1SmRqSDFHQXJ5Q1JmaVNrZ3JvZ2Fv?oc=5
Google News RSS,2026-03-01T22:32:37Z,India Built the World’s Back Office. A.I. Is Starting to Shrink It. - The New York Times,2026-02-27T05:01:15Z,The New York Times,https://news.google.com/rss/articles/CBMigAFBVV95cUxPcjAyMldGTF9MMk1ITTJMQlNMdkdqWHF2RFV4MWJfX2RGSXVfUFl2UkkzaDFGYUxud1FVMUFRRVJfc0xqeV9lS3JRbkFnWGlQbE5meVJiSXVSclZBem1iYjdwWjZ4WFlEeE9XNGFuOEtjT25QSkNSbHlvYmwxaHJ1Qg?oc=5
Google News RSS,2026-03-01T22:32:37Z,How AI can read our scrambled inner thoughts - BBC,2026-02-27T10:00:00Z,BBC,https://news.google.com/rss/articles/CBMifkFVX3lxTE5UVDRwRVVRT1BrcE43RXphNXVYZmJDRGo3dU1EMXdmcG5OcHFVdWEyN1JGd1VGaTVKS2pNaTdDWG1pT1lYeUdPcXFUYWdBdDhhWkZzRzZlQ09SZUhKckRaTWJza0NmT3JGZ3BsSnhnNlVkYmVaMk91c2NFaEpRQQ?oc=5
Google News RSS,2026-03-01T14:32:06Z,"'Obnoxious' AI chatbot talked about its mother, customers say - BBC",2026-02-27T15:47:20Z,BBC,https://news.google.com/rss/articles/CBMiWkFVX3lxTFA4RHZmeVMwSDlmdGI3SmxwRDJESzNHcGxrb0RrakZVSmVYQWw4ZFcwYXNKczJmRVlsdkdqZExET1IwN2dHbWRGMzlUckUtMHZsUEpSanVpQV8tZw?oc=5
TechCrunch,2026-03-01T14:32:06Z,Employees at Google and OpenAI support Anthropic’s Pentagon stand in open letter,2026-02-27T16:23:58Z,TechCrunch,https://techcrunch.com/2026/02/27/employees-at-google-and-openai-support-anthropics-pentagon-stand-in-open-letter/
Google News RSS,2026-03-01T14:32:06Z,How The AI Bubble Could Burst. Lessons From The Dot-Com Stock Market Crash. - Investor's Business Daily,2026-02-27T16:25:00Z,Investor's Business Daily,https://news.google.com/rss/articles/CBMimwFBVV95cUxPSERlS0VkUlgzYVd1SFotdHRTQW9INnQ5bVZUYk9kMERUZ0RzaVRIOFFLZktaVWpPekFETmk2QkFUSEQyTFBMX2xDNURtV0VyZTNRQl9ITkpjMUdvTHYzdWxBclFKc2lERGhuYkYyUVR4U2VITWxoeHU5OUN3VkpQUTBNd0NxZHNRWHJRdGZpY2d0OVl4al83MTEycw?oc=5
Google News RSS,2026-03-01T14:32:06Z,Opinion | Systems Run on Software No One Understands - WSJ,2026-02-27T16:26:00Z,WSJ,https://news.google.com/rss/articles/CBMihgFBVV95cUxNekpPSXhYOEpSdlBJRlg4NUFNSkVacVZiMFM3U3UwZm15WHVOTXpibHhXcXBwcjBDY0g0aEdKR29pNjBXa2d4V3ZjaFdfak5xemNPanA5eml4azBHRGxSU3NKRHFYRG1relNZV3hTWVVNRi1vQ3pBZFJGVDMzRXZSSG1CRVZTZw?oc=5
TechCrunch,2026-03-01T14:32:06Z,Pokémon Winds and Pokémon Waves are coming to the Nintendo Switch 2 in 2027,2026-02-27T16:57:21Z,TechCrunch,https://techcrunch.com/2026/02/27/pokemon-winds-and-pokemon-waves-are-coming-to-the-nintendo-switch-2-in-2027/
TechCrunch,2026-03-01T14:32:06Z,Perplexity’s new Computer is another bet that users need many AI models,2026-02-27T17:00:55Z,TechCrunch,https://techcrunch.com/2026/02/27/perplexitys-new-computer-is-another-bet-that-users-need-many-ai-models/
Google News RSS,2026-03-01T14:32:06Z,Perplexity’s new Computer is another bet that users need many AI models - TechCrunch,2026-02-27T17:00:55Z,TechCrunch,https://news.google.com/rss/articles/CBMiqAFBVV95cUxQNGpaSEpNWC1xSVBFU2VnOTdsZnA1OEIzeTU2Mm41eWtZbFlXdW53Umx6VUdXNlRnVVhZLWc4ank3OWtvdlNKeTM3SS1LM0tWSlYyakdGSkw0TkZORlhyVEh5Rm91S0l1ci1HWHc2UmpBajVFcjBPamUzMTA1SnRDYkZNQ2tic2FwOE1fLU9XcUFXWmZwOVcxRTQxU1gtVFZfaklqOEw1djU?oc=5
Google News RSS,2026-03-01T14:32:06Z,Supercharge your AI agents: The New ADK Integrations Ecosystem - blog.google,2026-02-27T17:03:43Z,blog.google,https://news.google.com/rss/articles/CBMilgFBVV95cUxQMi1FV1h2MlAyVGxlTjNKallpMTk4WHNrWnM0RVZHb2F3VkdXdXZ2T0wyZC05c1dFUm1iam05b19KSGxDakFjUjRWNUMyeDAxb25kOWxMMVlPOHZkVEtzU0RMYTB5TC1RXzVwOXcyODNFVVY5cC16bGZycnJkS3hNYnRRdGFudDZNcU9hMWh1Yk9WSEhRYlE?oc=5
TechCrunch,2026-03-01T14:32:06Z,Apple and Netflix team up to air Formula 1 Canadian Grand Prix,2026-02-27T17:17:18Z,TechCrunch,https://techcrunch.com/2026/02/27/apple-and-netflix-team-up-to-air-formula-1-canadian-grand-prix/
TechCrunch,2026-03-01T14:32:06Z,AI music generator Suno hits 2M paid subscribers and $300M in annual recurring revenue,2026-02-27T17:22:02Z,TechCrunch,https://techcrunch.com/2026/02/27/ai-music-generator-suno-hits-2-million-paid-subscribers-and-300m-in-annual-recurring-revenue/
Google News RSS,2026-03-01T14:32:06Z,Goldman Sachs has stark message for investors in AI stocks - thestreet.com,2026-02-27T17:37:00Z,thestreet.com,https://news.google.com/rss/articles/CBMimgFBVV95cUxQZnlCYTJDR081R0s1amlyVlJiaVZockJkZnV6YWtBMmlrUTFwTlktSUQxQWE1R3dnWGlQNnVoNDdWSnFoT2RoQ0k5SlZlZ1U2cEwzNklGME1RU0xPTU54RmdIOUpDa1M1TlZFR2tBYW42cHBpRHAxTlFFMTluWGl2NDlpeWNLdUhkSG53bVBXWkViM0J0SDctdmh3?oc=5
TechCrunch,2026-03-01T14:32:06Z,ChatGPT reaches 900M weekly active users,2026-02-27T18:25:51Z,TechCrunch,https://techcrunch.com/2026/02/27/chatgpt-reaches-900m-weekly-active-users/
Google News RSS,2026-03-01T14:32:06Z,"The AI apocalypse is nigh in Good Luck, Have Fun, Don’t Die - Ars Technica",2026-02-27T19:04:23Z,Ars Technica,https://news.google.com/rss/articles/CBMingFBVV95cUxNUDYwZlFZc29NWk5xbUg3aVU5c1RoTGMzVEF1S0hfbmJfd2JuN0dpb1FZejZUMXZ3RVRFQUNxOGVNZWRSQUx3WFhGbG9mSGNsakh2RWxIajdnVkkzTS1Oc3lQazI2ME9fM0NuSW1XMU5Id0NBdi1iV3pjZm0yUEpyTUk0TDd0UEplT0JtMU1rQlRXNDZlTEw3MEZMcTBXUQ?oc=5
TechCrunch,2026-03-01T14:32:06Z,Anthropic vs. the Pentagon: What’s actually at stake?,2026-02-27T19:11:04Z,TechCrunch,https://techcrunch.com/2026/02/27/anthropic-vs-the-pentagon-whats-actually-at-stake/
TechCrunch,2026-03-01T14:32:06Z,"Musk bashes OpenAI in deposition, saying ‘nobody committed suicide because of Grok’",2026-02-27T19:42:00Z,TechCrunch,https://techcrunch.com/2026/02/27/musk-bashes-openai-in-deposition-saying-nobody-committed-suicide-because-of-grok/
Google News RSS,2026-03-01T14:32:06Z,"Musk bashes OpenAI in deposition, saying ‘nobody committed suicide because of Grok’ - TechCrunch",2026-02-27T19:42:00Z,TechCrunch,https://news.google.com/rss/articles/CBMitgFBVV95cUxPM21MS0JXLWpZcVlwb2tqUVlXbndFbG5uUDlHMnRJY3NMR0Q4SWoyUWY3eFJ5Y0JubkNuNUI4RWlPMnBkbkRxZi1UTVJpLTRLaFdyUGhpY09KQktqRU5HcjZvbXRPUjdsVTJ6SEszNDlGeGt5QnBmMkVjN0ZOcU9JcGFQSmFFMElyZTd3ZXdtSjZXbnhEaENEc3N1VzB4SWVudDFvY2ZZbTlZNVZWYm82czZOYm1Udw?oc=5
Google News RSS,2026-03-01T14:32:06Z,Acing this new AI exam — which its creators say is the toughest in the world — might point to the first signs of AGI - Live Science,2026-02-27T20:11:43Z,Live Science,https://news.google.com/rss/articles/CBMihgJBVV95cUxPd2QxbDNkUUlQN3FXQ3hReUtONUswcXduczlvZHpiXzdkdnkwTEx0WElnM1h3RmVvaFdCbnl3UzdvbkVYNWFZR0xsVXQwYmd2V19zVFFUOHpHZDRRNWtXREljdDJEa2U2LXZqa3RwZWpuUktzMXUwQXJ1UHNob05SN0xaZERpQkpoa1JnMlZ4ajFiaGVGTENmWG40bW9zODVzMndvNURNYjUzcWRlamVTUnFNOVM1RDhEMFg2aWJmdnVGQmlmU1otVVkxdDRFTkxTb2h4d2dObWxZNlQ4OUM1WWlOVWIydWRqRzVReUpzemxtbE5NTFBKZWdpb3g0UUVYZW4zUGFB?oc=5
Google News RSS,2026-03-01T14:32:06Z,COBOL modernization no longer requires years of consultant work - TechRadar,2026-02-27T21:05:00Z,TechRadar,https://news.google.com/rss/articles/CBMi1gJBVV95cUxQbVlTNUdKNjk2d2RSMHk5aDNoNjhvd2pzTVNtaV9xa0cyMDJHZUkzSFNxeTF6WVJEVUdhZjdHX044aGVZV3ViTWR1OG9Wc3doVXA4ZC1fb1F3YXU3ZGl2WWxha1U0NUctU2QwVV9NbHdyak53X3FmTHVNbTRrZFpuZG5RenJ4aVFPeF9xVnFDam5QRXZkYmVaYlVoTlBfNFhKZ2dtbmVTU1YzcWlkaHpTekdJUEtBemZwZEZydkhYZFZVU2JsdFZ3a0pVS1dEQ1JXdGpKNHNyUm1qanBhamNSbE5YV1NNN3NMS2FDYmNGSVRPNXpUT20ya1UwUWRFTzMybDk3c3hja3VKUDBvLXZLQ0tILXdPUkNjaUhBMElXcDIxLVdKWHdSbXc1em54NXRUNHdYaWxacFRRZTg2bnQxbEpRbjlBN0diSk16RjlKbG9Wa3ZYb2c?oc=5
TechCrunch,2026-03-01T14:32:06Z,Pentagon moves to designate Anthropic as a supply-chain risk,2026-02-27T21:53:14Z,TechCrunch,https://techcrunch.com/2026/02/27/pentagon-moves-to-designate-anthropic-as-a-supply-chain-risk/
Google News RSS,2026-03-01T14:32:06Z,Cathie Wood buys $7 million of popular AI stock - thestreet.com,2026-02-27T22:37:00Z,thestreet.com,https://news.google.com/rss/articles/CBMiigFBVV95cUxPOUVjQVpDMUpRRFZaOERKNGxZemIzQTdlRzRRNms2bnYwZDFmenVxM090b3FSci11Zlc0N0JrRXVpY19pQVlqeER0SldSenRoXzNXVm1CVDRjZGplRng1OFV3aklidmd0dzQyNWJycG0yc2czRW5ySmt5ak9GYjBFcmUyUWVZZWlWdGc?oc=5
TechCrunch,2026-03-01T14:32:06Z,OpenAI fires employee for using confidential info on prediction markets,2026-02-27T23:00:54Z,TechCrunch,https://techcrunch.com/2026/02/27/openai-fires-employee-for-using-confidential-info-on-prediction-markets/
Google News RSS,2026-03-01T14:32:06Z,Google's Opal just quietly showed enterprise teams the new blueprint for building AI agents - VentureBeat,2026-02-27T23:26:15Z,VentureBeat,https://news.google.com/rss/articles/CBMinwFBVV95cUxQeEdwbE0wcXRlekJoYzZkUWUzbDdDVlo4dEdOSjdJRzJkZnZWcXpQZXhrdHJKektTNWVwaHBoVjFNRW91eVhrdXVxYUNqS3NndFNXVm9nV20wMUNUOElOY2FsZHFMamtyVmNqQTVSVXBpMGxHUzFXZlVIYmp6WUhOR2gwakpHRVc4UXB0dnhMbk0yVDI3bjY2SmMyVnpNMlk?oc=5
Google News RSS,2026-03-01T22:32:37Z,"OpenAI's Codex head disagrees with Anthropic CEO’s AI warning for coders and engineers, says: There’s nev - The Times of India",2026-02-28T00:09:00Z,The Times of India,https://news.google.com/rss/articles/CBMirAJBVV95cUxQbnJWTi1jS1JGWU1hWE1iY2VRSzdKZEtkXy1Nc3lIYXRfSmt6SHBVUGxIbnN5RmtwdDkyOXFZTlh4X2xvYlVOSVI0MDVvNk01YUVKdDdnUVdVNWZXZFYwVFRicmc4Z1VQb0ozaGVVWk9PNUxPNHRzbjFydjlnYjZuOXp6dDRiLVpxWGs2NzlCVjZzMGI2VTg1NXA4eGlPSFNIWjFjZWtuNFQ4Ql9fQmRKcERYamNPcTFQVTdpVkNudmRPdHVldVF2dmZOYldUOVNfWDRmYXhFUVJjYWc0OW9jdmRBNzZtR2lsYnBxcmx5YXN5TTZWZ2JvWnQ0TThNQ0xIMVN1UHN6eGNoQ1YzY2lSU3NkOGNsNThtanZSUkxRV3VMY21zVURuRC1vSEHSAbICQVVfeXFMTUFFZTlhOHEtQTc5NGtTcUpoWTltOTNDQ095RW9GX09nZnhXYUl5Z0JBaEZNVzNDV21SNHEtMzBLNVRPTzZfNGJkN3hYYVRwYThyRE5EQXNxR3BRbllDcE9maThIWkMzS3NKbkJ2NGhINm9IVDZicHRqUDBVX3FkYmZISTZnSWsxVEIyR09CRXJrQVMteElKUHA1M0dYOFVOcDZQZFVmbHJDaUdudzFoUFhUUXg5SDd4NFRvR1p1OGNkeHFKR1U0NV9wZUh3UmUyOTNhSFh5TGZrVkdUNEtaYXJSM3M2eHZLY3NrVHc0WDltT1NfS05lVGg1YWRnSGNHeFJmQjNVMllCWUhXVGt3UjlRSkczaGdiVTk0bUVGNGdOZjdzd2swaUYxNm9NdmNTMk1R?oc=5
Google News RSS,2026-03-01T14:32:06Z,AI skills don't guarantee your job. Just ask these laid-off Block employees. - Business Insider,2026-02-28T01:03:00Z,Business Insider,https://news.google.com/rss/articles/CBMitgFBVV95cUxOTXhBbmpzQ1dmcldMN0hKV21JNS1kUHkwOHVPRm1ramJvN2VhR0pCSFFoWjBZWEFncXcxT2I3b2JiZkhMcFItUTlHbDFzUEJWWEwwWTBKR1VQYzJ0UldPT0RGZ0hSXzhRNzBIN2xJcnR2TFhSTi1xSVNiWDV3NVU0UFRSdUtfTWhmazJtLU9mYnFidUxIbW51Qk92LUlwN2hxd2FZMFJuekl3ZV91ZGxBMlRJRU96Zw?oc=5
Google News RSS,2026-03-01T22:32:37Z,DeepSeek to release long-awaited AI model in new challenge to US rivals - Financial Times,2026-02-28T01:15:18Z,Financial Times,https://news.google.com/rss/articles/CBMicEFVX3lxTE1QZHJsbHdvNXhxSEczLURIdEZ2THVwSVpLMDYxX2g1UWVIZERURUdSbWRfYjluX3V0dUNsT2dpNVdoWGE4bWFPSWNkbXlsRHpUYlVUNmxOQ0JDM0JDbXdHRWJiX2IzaVZIZEZJT1YweVI?oc=5
Google News RSS,2026-03-01T14:32:06Z,Callers to Washington state hotline press 2 for Spanish and get accented AI English instead - AP News,2026-02-28T02:26:00Z,AP News,https://news.google.com/rss/articles/CBMilwFBVV95cUxQVzJlcEEyc25UamF5NDluczg5dE5oVlNaMmxDQXRjTzhrSFNmTVhZNV9WQWFNNXNTREphZUM0RU5uRjFUUnk0aE9MM3hPRGh5d2FmVktyb245QzRQYm1rMkV3YkJOX2pqNGFjWkpFZUpEc1lmMWNBYU0yeW9qUExVdDAydjNpRW8wOS02em43N0tXOEhGWnQ0?oc=5
Google News RSS,2026-03-01T22:32:37Z,"Exclusive | Nvidia Plans New Chip to Speed AI Processing, Shake Up Computing Market - WSJ",2026-02-28T03:04:00Z,WSJ,https://news.google.com/rss/articles/CBMiqwFBVV95cUxOdXZhNXNybnYtLXctajFWZW9rQlRoVS00UXphTFRjZlhaMzZJMlR6b0VKczRvQllLWEZMSnhDSzFISFIwMzl0b0FxM3JTY1NFcXJzcXd2T3d1VjJZZEgwVVlfbDNBVEt6SS1CUW41NkVxZEVkc2xVV05CektrSHRNYkNuY1NXdjNjWHhReDJuUDMwVFFxVzA3cGFpMURFU3lpQUVuby01TUhncmM?oc=5
Google News RSS,2026-03-01T14:32:06Z,"Nvidia plans new chip to speed AI processing, WSJ reports - Reuters",2026-02-28T03:23:00Z,Reuters,https://news.google.com/rss/articles/CBMinwFBVV95cUxNajF1VFI0eDJhUmNsQlFFVVUwbC0ta0YwR0tidUF2ejBwLXJwel8yVG84eklsaW9BX1BFSDB4MkFmZVg2UkZZN2JxZmJ6M0Vha2llTUNTMkhxbkFJdk5pcmtDeXhCMElLeUM5TW9TbmFheXV2LTFuUExXQXlVZlRBNGFCRzBURTAxeWtXeDg1cWdDWVdDMVdnMWxkN3ZFejA?oc=5
TechCrunch,2026-03-01T14:32:06Z,India disrupts access to popular developer platform Supabase with blocking order,2026-02-28T03:51:52Z,TechCrunch,https://techcrunch.com/2026/02/27/india-disrupts-access-to-popular-developer-platform-supabase-with-blocking-order/
Google News RSS,2026-03-01T14:32:06Z,OpenAI strikes deal with Pentagon hours after Trump admin bans Anthropic - CNN,2026-02-28T04:33:00Z,CNN,https://news.google.com/rss/articles/CBMidkFVX3lxTFB4MnhpN19TS1BxcVlqNEptMlhxMUdMcWs4alY3X2JhS2RQQWRzSzVhSXNuQTE2cWo0WFVLVXp6RVFtZXdhSGloLUJkakJ3OUVfLXdfNDluWGRBY0ZzWW5ObUhUblpjWWhPT2RlZmpJdTFrNUo2dWc?oc=5
Google News RSS,2026-03-01T14:32:06Z,Opinion | Wall Street’s AI panic is real. The predictions probably won’t be. - The Washington Post,2026-02-28T05:18:19Z,The Washington Post,https://news.google.com/rss/articles/CBMiiwFBVV95cUxNQnJSYVo2QUVvR2poZUc3cDlJbW1vbW5nV0hoZ0NNdEFOTFU1aE9Nam8zSnRpMUVDUHZKT292Zi0tQ3U1TnRacHhUVmdvWEFqblJyQlVuWW95UllsNDlhamdQUWhaN2puYWhOQVdfajkzNmp0SWhtdV8yOF85VjRORDRzaHBzWVVXZjVR?oc=5
Google News RSS,2026-03-01T14:32:06Z,California woman tests the world's first AI self-driving RV and finds something she didn't expect would happen - supercarblondie.com,2026-02-28T08:03:00Z,supercarblondie.com,https://news.google.com/rss/articles/CBMipwFBVV95cUxQNDcyd1pydUNMdDZ0WTVFNnlWWk1VV2g0a2R4c3lvcklNLTZLdFRfTEhPeWU3a3BUSEVLWFJRUGZqQnhwbjZ3cFZJa2M0V2xoc3FvQ1k1S3l6V0VvQnN1Z3pncW1IOWlIVW5PMkpEcndjZldhRkZkQWR3V09lWVk5TFpsaWtMSmVDZF9sdFlBd0ZXTE5NT3c3amxGaWh6VTczLV9CUFZMTQ?oc=5
Google News RSS,2026-03-01T14:32:06Z,5 Useful Docker Containers for Agentic Developers - KDnuggets,2026-02-28T08:09:15Z,KDnuggets,https://news.google.com/rss/articles/CBMijgFBVV95cUxQaVFtMnVRbjdXMUloYUNqUDF4SkJNTWF4WGRBN3JsdUZ2ckYzcTBWNVJWaUUzSUVIUnlwNDRXTDBRZ2VteTkxZWF2Z0d2Q1lnb3F6OS1zQ0o1LXI5VHZFVExyRXB2TmZOX0hLU19KMllWZlA0WkcxMVVkT2lITUZScHZra3ozdHdDbVlVblF3?oc=5
Google News RSS,2026-03-01T14:32:06Z,Her husband wanted to use ChatGPT to create sustainable housing. Then it took over his life. - The Guardian,2026-02-28T10:00:00Z,The Guardian,https://news.google.com/rss/articles/CBMinwFBVV95cUxQZ0VILWJCRVAxYWpiT2RmVi1hbUtRQ0VqSlJnUm95NWlXdTNkWU1ob3lhLUhiSFV2X1FiVG5Ibl95aUViRGpJUE0yNDFfOWhtZlFtZGU0UjlfWmJIc3Bxd1NjTUtFZ29iVjg5MF9DMFRlS0V2eHllTHJHeXBpR1lTazlwS2pvdk9mMWZfT1NwYnlFbFZkSEgzUjVqekxRWXc?oc=5
Google News RSS,2026-03-01T14:32:06Z,10 Books That Sharpen Critical Thinking in an AI-Dominated World - New Trader U,2026-02-28T10:01:57Z,New Trader U,https://news.google.com/rss/articles/CBMipgFBVV95cUxOTXN4R3dZa09WeGJrSkxVWWJfQ0RoRGhtVHVEdUF3MV9RNVRKUWhhUXN1X1NjTVk4SXZfUHVxc29DSWtnMjJtU1daS2s0RW4zNzZ2ZzNmRTBRRVQwSFdUbHBDai1NVEl2RXFINm92SXdtYlByZzNzQlR5WkxvYXlSdktLR0ExQXBzMWtZd0NDSEdocGRZNHExMXZya2J6dFE2aUh4OC13?oc=5
Google News RSS,2026-03-01T14:32:06Z,The week the AI scare turned real and America realized maybe it isn't ready for what's coming - Fortune,2026-02-28T10:05:00Z,Fortune,https://news.google.com/rss/articles/CBMiuwFBVV95cUxPMkVibDh0c1VPLWRqR2gzODZyMUFhb0x4NW9UZGZIVXd1MDlYVy1qbHV5U2NTM19KLUMzd0pET20tZ2ZmSG5GdHV4NFJDajVEd0c5amE0QU1nRWtEYXRfOXdfYnJUNnlObnhDVTZKMDRXdDhaV0FkTTM5Q0tBNFlWWHM2aE5FclhudnpYWjlrZ0dkemZISThJd05LMUJLUW5KNWgxSWRYbmlXa2lRMTdCYU9TX1YzczJuR01r?oc=5
Google News RSS,2026-03-01T14:32:06Z,"Security News This Week: Area Man Accidentally Hacks 6,700 Camera-Enabled Robot Vacuums - WIRED",2026-02-28T11:30:00Z,WIRED,https://news.google.com/rss/articles/CBMitAFBVV95cUxOTjRWVG4ydzBSaERKVEVac0JPQ1VqZE1iNjFURkFhT3p0al8zdVdZS0h5ci1OMmpOQkt4RkdBV0thY1VBdElzel9pVm9vRHZvekFWTzRmcDhoTzIwSXU4Q1pVeGk1RkhVZk1MSEhuOFhvbGF3WXdydm5rNHVSSzAtRkFGMUpCeDI5VHhrSzcxV0FKMmtLbHh4T0FjcTN4RjZJNUpScDAwSHdMTFFLRW0zSkNHQV8?oc=5
Google News RSS,2026-03-01T14:32:06Z,New to Claude? Use these 6 simple starter prompts to unlock better answers instantly - Tom's Guide,2026-02-28T12:00:00Z,Tom's Guide,https://news.google.com/rss/articles/CBMirAFBVV95cUxOak5Wa2tQOFBGT1pBdzZOT2phblE3U0VWZXJyWFBqRU1Wdy0yalM2VXJwYUdkSVFOclROdHhNX0dWVVl6UVRSMVFWM3ZmLTY4SzBtaUpOZGVwVUN2VEVTdjBpcGw5OVZyVlBuaTNqclg2dUlKMHhEWGFBb2VjakxhN3hWTUJzSmxzZzRPVlctQWY0bWZScVhUZ290SHVNamtpWGxXa2V2MEdENFBy?oc=5
Google News RSS,2026-03-01T14:32:06Z,Opinion | Real Despots Hijack Artificial Intelligence - The New York Times,2026-02-28T12:00:05Z,The New York Times,https://news.google.com/rss/articles/CBMiiwFBVV95cUxQTUgyMVNIUjdyaU95YUxEd0R3LUlKYWhmUFFBNnQ3WmR0aHNNM291aVJRV21RbFNQTU8zUW9pV1pqb1E0bVlWQlJ4a3BZR3hfV1M3UFdpM1RhTktXcjNORG9qZklraFJYdkJvUEM4NmRodlhlLWZEaFJRUGkxakVwVmk2eEhVVC1aVXNv?oc=5
Google News RSS,2026-03-01T14:32:06Z,Can China just steal America’s AI brain that’s costing trillions to develop? - MarketWatch,2026-02-28T13:00:00Z,MarketWatch,https://news.google.com/rss/articles/CBMitwFBVV95cUxOR0ZIazFTNnNqQzFiNm03ZkgwVHZMUmtCNnNpSjBkZEU5V1BOUUZETzNEZElMeHN6TFJoeFNUVkQ1cGtyQkI0b3h5NG9QWmZLbXRLUVNfY2c4SlFNazl6Ymx4OVJneTlJMTVsNDF1ZzhFSFN5emMyTWFaZnBHRlBSYmVKcFl2Ti1rTzFlRWUwNWwybGVHODlzcDVKUENfbHlKcTJtMGNJYmZjMjhpcmVZdDVRbVVISmc?oc=5
Google News RSS,2026-03-01T14:32:06Z,"Ramstad: Readers wonder why growth is good, and whether AI is the new threat - Star Tribune",2026-02-28T13:01:57Z,Star Tribune,https://news.google.com/rss/articles/CBMisgFBVV95cUxOZ0tIU28wajZaOThOcEIxc0E1V0JGSXY1OFcycHc1akpMV1FLell6b21NLVBJSmZoWTlYc2FWcUh0X3Bxb3lneFFfZjZEb0xWWS0tejd5X1EzdFdxT0NjVzByYUJjSnJRS1NOcENxekxZY1hmWVZZcnRPNHhxRDNCMHN2N1dGd1k1MTA2dlRzczN5am8yWHBPUWVxcUNQTGJSUjg5cV83Y3M3enZWZlM3Zlln?oc=5
Google News RSS,2026-03-01T14:32:06Z,Alaska House unanimously passes sweeping social media and AI restrictions - Anchorage Daily News,2026-02-28T13:09:24Z,Anchorage Daily News,https://news.google.com/rss/articles/CBMizgFBVV95cUxNRkcwd1ZscExwTFExZzFtOEF2TXFxSi1halFKYmwzQkZEMkFnLUNKT2YwcmJKcWg3bmFvNWRBTllNRDB0dTBuTEU3aVFKVU52dkYtUEE0SjFrdm5ZdVlrR1hiS3JOWmZRdFYzbm9sekU0Y0t0WXEyeHdiYkNXUVEtTWtpS2xHOUVQVUhvdjlHTm1DTkVNMTNUQm9WRElrNFJ2SmZTaUtRWHJWSVZkM1FMRmp5ODVzUWpPQmIwWnBhOWd5Q3J5bmpHNTBnNXRIZw?oc=5
Google News RSS,2026-03-01T14:32:06Z,Creepy ‘Marathon’ AI Enemies Are Mimicking Player Prox Chat - Forbes,2026-02-28T13:37:28Z,Forbes,https://news.google.com/rss/articles/CBMirAFBVV95cUxQUlpYUE1pZ29VNVpZVnRLOXg3Y3FDcVlNNzZjUmpEbUtDcFprMUV3aEZ3Ry0zMmxPaXJncUUxVmlhUnlWMGgtOHNqMmpfazJnTVdqYlJWRE43LVJ3SzRYZHVjZ3B6S3JWdVNlTnB2am1EdnFaLW04c0xGQ2JHZDh0d2VLQlFXTjZHLUhnYVlxbkh2cmRVT3NqNkRUMDMwdmhRT0hMMkplcDZVSFVR?oc=5
Google News RSS,2026-03-01T14:32:06Z,Government Insiders Concerned by Musk's Erratic and Sycophantic Grok Being Deployed for Incredibly Sensitive Purposes - Futurism,2026-02-28T14:00:00Z,Futurism,https://news.google.com/rss/articles/CBMic0FVX3lxTE1MTnJ5Rzk1VEd3dHM0TmdGTDRibGphSEFTZFBjYk5qSFZmcnpqOUhOR0lEUWpOTTd0VmZLejZIa0dxNjdJNEtRN0VhNld0TGpUamx1c2JUcFFQb0FhQnJMMGM4RXJHbGh6ajVoaFYwSHJvbTA?oc=5
Google News RSS,2026-03-01T14:32:06Z,Creator of Claude Code Fears This Could Be the Last Year That Software Engineers Are Employable - Futurism,2026-02-28T14:45:00Z,Futurism,https://news.google.com/rss/articles/CBMifEFVX3lxTFBUclVmeEt4cF9sdHo2WERlTUdrYXFuNmxRTW1DU1ZkMjJtaWZZX3ZVbi1IOXZ6UEZGbUlzMjFRcTFJYy1pLURONWJxZVNTX24ySXZKd29ENzhwRms1bmlNaGFMZEYtTUYxYUNOazI4X2xlQl91cnotQU42Wmk?oc=5
Google News RSS,2026-03-01T14:32:06Z,Claude Skills and Subagents: Escaping the Prompt Engineering Hamster Wheel - Towards Data Science,2026-02-28T15:00:00Z,Towards Data Science,https://news.google.com/rss/articles/CBMiqAFBVV95cUxObm40NFB1cUFkbFVFRnRpVlg5cHdUSkhJQl9qUHVKOWtDT2hhSWo4RjlDTlJZb1MybDVIdXJ6UzZLOEFnbF9wYWJ1Sjlsb0hUVTZJVmZhMlRVTGk3ZGpuRGpxOXBHc1NWcklrR3R5WTJNbEpERWg0Z2l1b09pcXhFdkN3ejhlNDg3OVhJd0dqUHphRnhheU1XWWRoZGtybHRVZVQ4ZnRjckU?oc=5
TechCrunch,2026-03-01T14:32:06Z,Why China’s humanoid robot industry is winning the early market,2026-02-28T15:00:00Z,TechCrunch,https://techcrunch.com/2026/02/28/why-chinas-humanoid-robot-industry-is-winning-the-early-market/
Google News RSS,2026-03-01T14:32:06Z,Why China’s humanoid robot industry is winning the early market - TechCrunch,2026-02-28T15:00:00Z,TechCrunch,https://news.google.com/rss/articles/CBMingFBVV95cUxPclZDd1oxY2M3aTBiRG81cDVTRUkwNjE3aENGVV9oVDJPM2xRa0tUT3hxaERGWUhOUVpfNWpyWTR6SHhVZm1HMjdnQWUwQ1hDWTF5NjJkUW9RcG9nTkVYcFMxd0RQbm9vNVJDY0FXTTFxM3BoNGNleWRvWEFlTE5Wc1VUaXFvUlAwWkI3YThtNHRMbzd2eHBpVDNNY1Zndw?oc=5
TechCrunch,2026-03-01T14:32:06Z,"Xiaomi launches 17 Ultra smartphone, an AirTag clone, and an ultra slim powerbank",2026-02-28T15:09:03Z,TechCrunch,https://techcrunch.com/2026/02/28/xiaomi-launches-17-ultra-smartphone-an-airtag-clone-and-an-ultra-slim-powerbank/
Google News RSS,2026-03-01T22:32:37Z,Scientists made AI agents ruder — and they performed better at complex reasoning tasks - Live Science,2026-02-28T16:00:00Z,Live Science,https://news.google.com/rss/articles/CBMi4AFBVV95cUxPSjZCcTdiamV4SlNQV2RBWTA4cUVYVDFZcXAyNWhRZDZ1ZmNuY3BJWlhaUnFTY29pdG9KVElsRzBUeU9ndVpPUjBEdWozbnU4RFg0cHFCUTIxSWJTbDhYWEdMVzR2amJpbDRiUEtHZFJ1VElzV3BUZGJDX0J4cGJoNFhDYi1ZOVVtd2p5aUNOQzU0NGFqaEZTMWZsMl81NllTVnNKU0pXMkFHNWxCM1VFbHJSRzdaYnFBRzhwR1YwUEV3TS12T1pqd29jbFhmRUlJR2hUSzJRc2NGeS1IQXI4aw?oc=5
TechCrunch,2026-03-01T14:32:06Z,OpenAI’s Sam Altman announces Pentagon deal with ‘technical safeguards’,2026-02-28T16:17:36Z,TechCrunch,https://techcrunch.com/2026/02/28/openais-sam-altman-announces-pentagon-deal-with-technical-safeguards/
Google News RSS,2026-03-01T14:32:06Z,Big Brother Isn't Listening to Burger King Staff. But 'Patty' Is - Newser,2026-02-28T16:50:00Z,Newser,https://news.google.com/rss/articles/CBMiowFBVV95cUxNR1hIR04zY3NYQjVjV3EwaTJwaGloazlGT0wxYmZTOGc3aHdMMm5zRVlvdmdzalBJdGJOY0ZEeVlZMXlpSFI5MFNrTU42c1BPbVNtT243SV8za1lmTWVqeFNPUnpaa2dPNGFXNEdBZGNfdUtoMy1ZbzFBYzhXaWNWOWRjQ2V3V09BU0dVMV9WVXBjaFVBcEJLQUYxYmhOWElkRGJJ?oc=5
Google News RSS,2026-03-01T14:32:06Z,Florida has it right: No handouts for AI robber barons - The Hill,2026-02-28T18:00:00Z,The Hill,https://news.google.com/rss/articles/CBMigAFBVV95cUxOOF9SSmkwWmdYYldhUVh1eUdzRmdBRGhvdHlhVWJhWEJpdnhBNzU3aE9EV01laWJmUXpDX09XR2piaXNKN25GcmRDcW1hQktUZW9ueGZCN2FSSlpTR2hXcE84NHZCZ1ViVDhqRXI4TzN3cndzc21NY19yZzhZTFlFctIBhgFBVV95cUxNd2ZOVGhkRk1ESmJ3eHRzY2UzbzJ6QUNCMjFrM250THNvMVk0VWQ4RnBIZHUtVUZqM2pieFo2T3ZlZjN2d1ZFWnZOSVp0Q1RzencxRjdGaXVXZUxhYnNzVzgwQmREbmUtaUhfVU94VUg4RDdQckNPWWVDUjY3ckNSM1E2SHZldw?oc=5
Google News RSS,2026-03-01T22:32:37Z,"In puzzling outbreak, officials look to cold beer, gross ice, and ChatGPT - Ars Technica",2026-02-28T18:17:12Z,Ars Technica,https://news.google.com/rss/articles/CBMipAFBVV95cUxQbVVkOHJBZWw2S19BOEh3SEFiaWlrTmhNdFp3U0E1ODNqQ1FSbFlJM1UyNzRqTmI1YnhFbEdORm5uS2dlTXpXQ2tDcmhjYnNHTERybTlkYmlhSWlQVDVyMjRTaG1acDNSUVkxS0RyOXZCdGRmZmxiNm9BYzJUUmM5eTVObFdOYmlKNDFnemt2YmwyMmlXUDZYQVgwRVA2TllXd3hHUg?oc=5
Google News RSS,2026-03-01T14:32:06Z,"Ukraine wants to move from being a “human shield” to a shield that thinks for itself: in the next six months, it will deploy an artificial intelligence-based air defense system capable of predicting Russian attacks and launching autonomous interceptors before you - ECOticias.com",2026-02-28T20:18:48Z,ECOticias.com,https://news.google.com/rss/articles/CBMivAJBVV95cUxNdTNuMnhjZmo1NFhfZVdLLXMyMnhYLXNzM2hxWUFjNVk1dENsQVFLalNTYTh6Y29pV0h6NTd0SUFtVDRPc0Z2aWpOSWZIYlhaWDltdWxia1NrOF9JenlkNzdLUzF2Y0hMWGVrZXQwa04xSHF5N2ZpcTVZeEZBZFpJeGRZSGl2LVJIQTRBVDFDSG1NVWcwMnVUWjlJUElfZHc0Tko0LXBkXzVOc3lSenNQSG5NcXpuU21reTQ2Z29qcUlBUm5uc0QwcnlmSlNoazh2Yjh2WTY0cldJaEFsaG5GZmV5aVRoOTAzR2ZDLW03VWFkYjRmWUZLT2owc1hMamNZV2Q2NXgxX09OZFMzWUw3M1I5QzB2clhreXNISnEzR1Bmd2pHVHFCdlpwcF9SREMzOFFUWXViMTNsWTZl?oc=5
Google News RSS,2026-03-01T14:32:06Z,"Prediction: This Artificial Intelligence (AI) Stock Will Join Nvidia, Apple, and Alphabet in the $3 Trillion Club Before 2028 - The Motley Fool",2026-02-28T20:30:00Z,The Motley Fool,https://news.google.com/rss/articles/CBMilwFBVV95cUxPZURUUW9LekdZNkZxdmtvMW1OQkdySkhFd3pHWjA4aXpvTUxCM1ZyM2o2Z09Dd3dPOC1DZXpvRkhJVVlkVWtPZV80YnhZSjJxOWFrT2FKLUxhVXcwV3JvLTlxSHNscEZDS2tmX0FPTDJEa2ZMYmRZMkFjTmh1LUJ1X1FZUFdaS1VBQjI5Ti1vbGJObVI4MUlB?oc=5
TechCrunch,2026-03-01T14:32:06Z,The billion-dollar infrastructure deals powering the AI boom,2026-02-28T20:41:55Z,TechCrunch,https://techcrunch.com/2026/02/28/billion-dollar-infrastructure-deals-ai-boom-data-centers-openai-oracle-nvidia-microsoft-google-meta/
Google News RSS,2026-03-01T14:32:06Z,The billion-dollar infrastructure deals powering the AI boom - TechCrunch,2026-02-28T20:41:55Z,TechCrunch,https://news.google.com/rss/articles/CBMizwFBVV95cUxNdFp1bGR2MHpJVXpwOUo3LUFWbTNYQnhtNC1CN2RreG4tM2J4VUlDa0ozdjk2Zk1mVmlRWUlTQnhKUmFKdWtlNUdUUGF4LWdGUTJEUGF1ZjlxcmZuTENIc1RnZnBkcUZmdk9wMTVaTnJKMU5VRVVwXzhHendWRVZIeVJpaFQweHcxYkpFWHA0SHd4c2NUOWxkUF9wYnNha2wxUzcycjkzTVYxM1haTHN3UjZEb09OM3VPOXJ4cWJnVFVGdnY5azRaczlPSzhUSEE?oc=5
Google News RSS,2026-03-01T22:32:37Z,It Was Frighteningly Easy to Make AI Believe a Hot Dog Lie - Newser,2026-02-28T20:50:00Z,Newser,https://news.google.com/rss/articles/CBMilwFBVV95cUxONzllYzc1WEdpUGFralFSeUwyVi1nUHJsYk1GOXBiY1dLMTMycjRPdHdhdGJLVlNyd1o5a0NuNHBoMk9QcU5XcElmUi1FZkc4U3BiM1lNcHJLRVdyMXd5VkZJVUhDQl90VXN5aE55cjRrS0hTVUZvS3cyOU0tOVBFT0pRZDExVEk2aVJsME8wM0R3OG1SNUtZ?oc=5
Google News RSS,2026-03-01T14:32:06Z,Here's how bitcoin's price rise could be fueled by job-stealing AI software - CoinDesk,2026-02-28T21:02:58Z,CoinDesk,https://news.google.com/rss/articles/CBMivAFBVV95cUxOY1ZBQjlVekVBZld3V19PNjNvZEVRUENwZXJGZGhuZ0U5ZWFvdHhYZnV1YS1zV0lpbkhsYlA3bV9aY1dqN0NhYWREQUhpVy0ySzdwS1FueU9IR29OTlNEOWFRVGlhZkI5YldrZTk0TVlqRi1IeG80S251TlhGWUFldDBCU216LXdNeGVSRE1nX3FIamlpM2lLOTJKQkVRZWwxbXNPSkwyZFJTcWZZdHNSUHA2NENpeXg3bnRzTw?oc=5
TechCrunch,2026-03-01T14:32:06Z,Anthropic’s Claude rises to No. 2 in the App Store following Pentagon dispute,2026-02-28T21:05:06Z,TechCrunch,https://techcrunch.com/2026/02/28/anthropics-claude-rises-to-no-2-in-the-app-store-following-pentagon-dispute/
TechCrunch,2026-03-01T14:32:06Z,What to know about the landmark Warner Bros. Discovery sale,2026-02-28T21:28:06Z,TechCrunch,https://techcrunch.com/2026/02/28/warner-bros-netflix-paramount-acquisition-timeline-wbd/
TechCrunch,2026-03-01T14:32:06Z,Why did Netflix back down from its deal to acquire Warner Bros.?,2026-02-28T22:07:48Z,TechCrunch,https://techcrunch.com/2026/02/28/why-did-netflix-back-down-from-its-deal-to-acquire-warner-bros/
Google News RSS,2026-03-01T14:32:06Z,The Biggest Bottleneck in AI Isn't Chips Anymore; It's Power. These 2 Stocks Could Soar in 2026. - The Motley Fool,2026-02-28T22:15:00Z,The Motley Fool,https://news.google.com/rss/articles/CBMikwFBVV95cUxNNUJXVUhkSVNWZVd5bHJLMjNGNlFtOFJST196RTBndGJJcUtkMzBJZ2Y5MkZYQkdIV1lQNXoxMDFrSEFLZ3VqdGdCLXEzLW5BSWJNdktzaUxQT2oyX1FlNzBISkRwbzBmbmVoQjY3ZkFHelFWYks3YVB5VFA2Um85bzFZM3EwbVd2S0lUNS1kb2Z3VlE?oc=5
Google News RSS,2026-03-01T14:32:06Z,Claude is the Number 2 Free App in Apple’s App Store Now - Gizmodo,2026-02-28T23:00:00Z,Gizmodo,https://news.google.com/rss/articles/CBMijwFBVV95cUxQVjgxV3BDXzhnamx5MGtSWmFrNWNRejRrY0FnZUdLLWlmS280NDg2Y2NtdjhtVjQwRzlXZlhnMzdaMmlZZ1p4d1BwRDhlVGlyeHRsOWtwcjVDQ1dhRTJzOE1zZEN1WFF4NEUxRWI0dkxhTWprZXhFQU54Z3RTUjRtOFJrVWdLQndMbVdpVlYxbw?oc=5
Google News RSS,2026-03-01T14:32:06Z,Pentagon chief blocks officers from attending Ivy League schools and other top universities - Fortune,2026-02-28T23:42:00Z,Fortune,https://news.google.com/rss/articles/CBMirAFBVV95cUxQRnRwN2R5NGVfY2x5QnNPWnFROVYtY2xabFNFUWZDQkZzTXEwdnZUbGM5Yk5VdHVEREVSbTN1Q1ZkakRrTEsyQ2VCSW1pRnVlT0pKcTMwUXJqZ01wUGJPVXVCR2F3NHZNbmQ5Rm91a1VtckF6aG53dWJJeTZzRUh4eXJqY2lIX2dRSGVXZWR0T05lR250THBKSmI2MlczYkYzUDktSjJzUkhxbVU3?oc=5
TechCrunch,2026-03-01T14:32:06Z,The trap Anthropic built for itself,2026-03-01T00:08:58Z,TechCrunch,https://techcrunch.com/2026/02/28/the-trap-anthropic-built-for-itself/
Google News RSS,2026-03-01T14:32:06Z,"U.S. Strikes in Middle East Use Anthropic, Hours After Trump Ban - WSJ",2026-03-01T00:40:00Z,WSJ,https://news.google.com/rss/articles/CBMi4AFBVV95cUxNVXEwaDlxZzBVajBMQTRYek1KSmtlcGxycWJUVzkyeGdPQnBFdEZfa2dGX2hIcWFnSDJmVHlYR09CMmpWSHBYeHRsTzBjZExESENIcGxsc2tCeTdiWGxHb0xnNjFwZEhlOUpReW9HR2g2V21TM1pBTWRRTGNjZjRuNmRONVY3VkZNMjVNdnhLcXliMm5mNVc3dE9uck94anV3U0VZSEFPMUlwd2RWcEZ2SlBkSU40Z1I3MU03UmRnSlFwdHladFAtbDV4TGcxQzRXVlM5VXhNQm5tamJvaVpPTQ?oc=5
Google News RSS,2026-03-01T14:32:06Z,"Survivor’s guilt, overwork and AI: inside Amazon’s mass lay-offs - Financial Times",2026-03-01T04:00:21Z,Financial Times,https://news.google.com/rss/articles/CBMicEFVX3lxTFBJbExmeWxVeVpUdTB0T1Bwd0swU3MwMHQ2b1ZKYkRrcU1CeU5vZ3Q2THNZYzNPTXdIT21MWjJxMC1YQnRTdTVEWTZxZVE2QzQ0X2JISnFjVHRDTlFLek1aSGtIUnVtYWp6N01MTVNGMUg?oc=5
Google News RSS,2026-03-01T14:32:06Z,What a chocolate company can tell us about OpenAI’s risk - Financial Times,2026-03-01T05:02:06Z,Financial Times,https://news.google.com/rss/articles/CBMicEFVX3lxTE95Y2MzN2pxR2FLbUpiR0ljVlZqdW9IQUo1R21pcDhFbE54TWNTRWxHYXFjaE9fQTRvOGMta05ibFctNkJmem8wRFlfUlQ1N04yTkhDR1hMTFp5czFaTGxPMHE2V1YwaTc0T20tSGZCN1k?oc=5
Google News RSS,2026-03-01T14:32:06Z,Texas may be building the nation's first AI worker city in The Woodlands - Chron,2026-03-01T05:19:14Z,Chron,https://news.google.com/rss/articles/CBMilwFBVV95cUxPdXhhYjQ2S1FNTXZ3SnkwWU1xWnVIWGhzMEp5TjdKVnUxeW01RnFrNENULXpvc3dXWVd3S0lhQnVWMFNHU3VGSlM1amk1bVA3VTZCNFg1ZTZpZG1nV0V6ZkVBRGFodmV0Uy1NREwtYzN4M2dRdzlPWXR6TmJ2LTI1SFBsbVktelE1ZkszeUxnSGZ0bHlqbkFB?oc=5
Google News RSS,2026-03-01T22:32:37Z,NVIDIA and Partners Show That Software-Defined AI-RAN Is the Next Wireless Generation - NVIDIA Blog,2026-03-01T07:05:42Z,NVIDIA Blog,https://news.google.com/rss/articles/CBMiZEFVX3lxTFAwd0tuQU9uRDZoSUF6MVBhb1Roc0xFSjRHMG1GSVBnakl0MjNYNExJTHJoZnlCRHNCRTJCNUVXc0d2aFp0RWh2VDFWSkRUZGxSX1BaUklCQTdrdEZHSks5M0oyZHU?oc=5
Google News RSS,2026-03-01T14:32:06Z,"AI-generated wedding photo of Tiffany Young and Byun Yo Han sparks online after marriage registration, agency confirms image is fake - allkpop",2026-03-01T08:31:00Z,allkpop,https://news.google.com/rss/articles/CBMigAJBVV95cUxNdjdvQ0I5TUE0ZGw1YlAtWllZc2dGZEFVZDdxMGMzc2lieWpuci1EMFZDcjAwTjR3c0lQaUw5N1RuSnZWMmxFZVdsRDZzdTlHRmREVnRwUlFpQVhiYTVWejRIR29yZDFMekZDN0hqYWd3TEFTNGFjUHJDb0NLLVpZVHQ1aVFybTJXc2lrN1pMOFpIeGR4VzRvMG5EanJja1RtRlhIWl9fdmlVdVc2eVVnOHJVdmZ4d0ZDN2tHREZFclVvdUFOdTd3WkVMbTg5cEdMcnktNE14VWJrWFY0UUpkbHlUR1ZrTjBXU1QxRGJKeVNWQU14cEptVmJWWjh0R3U4?oc=5
Google News RSS,2026-03-01T22:32:37Z,Anthropic Standoff: Top Cyber Stocks After Claude AI Hysteria - Seeking Alpha,2026-03-01T10:00:00Z,Seeking Alpha,https://news.google.com/rss/articles/CBMiqwFBVV95cUxPUkdCRmV1VDBpa0RWSnc5Z0RpYmo1NVRsc1YtWEJUZHhrZ0lLOF9NTjFqR1RtVHlLZzNxdlRqanF4OENlZ00yWFhEZG5wdTVmTVc2Rm1RRWxqRlNBV19WSEVZVVFFLUNldzhuUGZTRVVybXlxX0NneG9FTjRxdk4zQW9kb2ZBTFpwZWp6dUI5cUVmZWkxMHFEaGplUzNaMlVOVEVHRGdUTnhSZm8?oc=5
Google News RSS,2026-03-01T22:32:37Z,Does putting Elon Musk in Black Mirror really promote AI advertising? - Creative Bloq,2026-03-01T10:00:00Z,Creative Bloq,https://news.google.com/rss/articles/CBMiqwFBVV95cUxNNHVmckwyVG5BT2VBZlRFQmxycUg3WlNWRkhLUVdMUnRLdGhiVXdXSzVvMTA3UHRHR1pjMnNNSmloVlpVZzVUcVU1T3FJY1FVUTFkMDlYanFvamZRYWZHcWVyTlM0bmxzazFEMTRhUkdXb2w5ZW9zR3ZtRER3cG1RRDE2VjJuU3pMcnZVTmV0SEZRY3p0RVVmUXFsVE02ZDFyaWlwMUpZLUVHLVk?oc=5
Google News RSS,2026-03-01T14:32:06Z,Are ‘Bossware’ Tools Tracking You? - The New York Times,2026-03-01T10:01:22Z,The New York Times,https://news.google.com/rss/articles/CBMiiAFBVV95cUxOMGZkZTVVYTRrYnk1YUp6UkpvNS1mMDZYYWQ3M3NLakt5dEVjUnA5UGdxLWc2V3gycEczSTRIdlFpXzVqeEdBVUIzOUFBVVJQX3BFR0tiY2dCcGh0cTRNUVZMVGRhdTk0RVc0T3psS0FSVDdjQ042bzlQb2JGZ0IyenFjWUZGT1RL?oc=5
Google News RSS,2026-03-01T22:32:37Z,"A charismatic L.A. educator, a connected consultant and the FBI probe of a failed AI company - Los Angeles Times",2026-03-01T11:00:00Z,Los Angeles Times,https://news.google.com/rss/articles/CBMiwAFBVV95cUxPLUtZME5hVzJLNko2OE9Qc2J4Z1B4QkN1MHRXNTdpb3hHZ0ZCTk1xR0QweFBaUHdBRXpyZ1BDOGFJX25fc3pUa1BKcmwwemRZS0p3ZU9BQnJGYW5BeTMyY3RSUnkwNmhyOE9mbFNubHA0T1pISXJXUFI5bDF1cl85NXlrWTlqdXhLOU15YlNYaHJBUFp0R1Y1b3FSc1Jfa3RidWJkVklicTlhNG92Y0NWRDUyeWh2cmVsX3VGQnVWVGk?oc=5
Google News RSS,2026-03-01T14:32:06Z,Investors beware: These stocks are the most at risk from AI disruption - CNBC,2026-03-01T12:34:40Z,CNBC,https://news.google.com/rss/articles/CBMiqgFBVV95cUxPNFAzd0hFS2s2UTFTMTJvOVllaE15QnlZbjAzOEEzTjQ1aEdseGxMYk9uQkhoM01ZamxFWW11VkhZbTNEQlpoSDZ5dy1LcHJWaklmSlFsVlgwM0dMSUx3aXJ0U2Y5dGNpVzA0WUl4LU1RcXpacGl5UTBndDJnRmZJTUxZQXlieE9XcWJ6ZF9CM3ZIMXFLUTBPbmxtUGJYUlEyRzRjbk91dWlBQQ?oc=5
Google News RSS,2026-03-01T14:32:06Z,Forget DeepSeek. China’s already released 5 new AI models and UBS prefers this one - CNBC,2026-03-01T12:36:54Z,CNBC,https://news.google.com/rss/articles/CBMioAFBVV95cUxNaGhDWk5FcXlXbGVUSWlkWGlvamx5Nk5NN3ZOOXkwdTMxOVpqLUtTN0RGalFQajBsRXJpSzlCeC1RRmloNmlUMXFjZFI3QVVibTFjUmtCUVE4aW9PMHlDc2RzaDI0a2NQQkRqMnBWZkg0aHE3ZFJJbFJTOUtDRV9LcHIzZTYwRVNiTElxWExSYVk0XzZlbUNPRHIxdmtnTmZI?oc=5
Google News RSS,2026-03-01T22:32:37Z,A Historic Moment: OpenAI Hires the Iconic iPhone Designer to Build Its First-Ever AI Device - Iowa Park Leader,2026-03-01T13:00:41Z,Iowa Park Leader,https://news.google.com/rss/articles/CBMiwAFBVV95cUxNb19XXy1SVkxScXlJNm1iajRPbmdSQ2VqS3ludXRLX1pCTnVuZ0Q2NnYxZEJTQUpRTVFvQzE4dDJxMW80Q1FaTUxrU3g3ZDBYZ1lkZ3ZJQlJ6WThFQUJQVzRsRHpWZmRrQWFoZEhKQWc3M3VubXhTUC1UN2JlRWVLV0Fuck55ZlhWbE5UTW1iU2lTajQ3Z0hIZUZJU05ZTm1EOGY0VHV2bGk1RXNnZHZSTkotRnB2b2c4dHo2aDJuUjI?oc=5
Google News RSS,2026-03-01T14:32:06Z,An Ohio newspaper has a new star writer. It isn’t human. - The Washington Post,2026-03-01T13:01:56Z,The Washington Post,https://news.google.com/rss/articles/CBMinwFBVV95cUxQMkdULTBIamVJVTlMZWc5VXBRNlJ3YWd0WkhQQmxuZnlMVFdLdkdNNDAyRTRTd0FqS1dQVGZYM29OVlV5d0RZUUJLMkhBX1hZOWpSRFlBSi1BVTRoYWNNcm1nRm1MblBoeEtxMVBWckEtMGZnUGNwVnNfMkVuRzVBWW91VmxzQVItX3RxRXNkZ2VMdWZnQVlIekJFQmhxYTg?oc=5
Google News RSS,2026-03-01T22:32:37Z,AI-resistant ‘halo’ stocks drive UK and EU markets to record highs - The Guardian,2026-03-01T13:04:00Z,The Guardian,https://news.google.com/rss/articles/CBMitgFBVV95cUxQLWF1SkRZaEtaTl9ueWkwbzh1eFV6TDJzMXVwWjBmNnZVSTVCS3ZoV21aNzg5bDVBYWd4a255U0FyU0lpWWhqMWMtQ3JRSl9SRUt2NjdOWU9wVm5CLUJ2TVhvWEt0M0REempsclE5U1JWVjBFY1JyQW95aWJndnB2VFZzUjFYWldiN2lXOWwwS1UxMTI0eHBCaGRTd282SlFVWE5sam9nd1Ywam1RSGRoWXo1ZjVmZw?oc=5
TechCrunch,2026-03-01T14:32:06Z,"SaaS in, SaaS out: Here’s what’s driving the SaaSpocalypse",2026-03-01T14:00:00Z,TechCrunch,https://techcrunch.com/2026/03/01/saas-in-saas-out-heres-whats-driving-the-saaspocalypse/
Google News RSS,2026-03-01T22:32:37Z,"SaaS in, SaaS out: Here’s what’s driving the SaaSpocalypse - TechCrunch",2026-03-01T14:00:00Z,TechCrunch,https://news.google.com/rss/articles/CBMikwFBVV95cUxNa2tQdExEa2JnTlJYcDBYUE82V1EzVlFSUTBmVzJ5RGxobmZVOFk1bHZJTEFhZGtCM0FzTlNFNFl5M1g3ZWJGRjRyc0d4QkdEem9HNUxIVXVZMlhHZDJvTEM1WjUtRmJBeFVsVkF1V2ZHLXUtdWpxWjVGTlRYX1BnaU1QMWNZejNkWjhfYldIWTB3eVk?oc=5
TechCrunch,2026-03-01T22:32:37Z,Anthropic’s Claude rises to No. 1 in the App Store following Pentagon dispute,2026-03-01T14:48:58Z,TechCrunch,https://techcrunch.com/2026/03/01/anthropics-claude-rises-to-no-2-in-the-app-store-following-pentagon-dispute/
TechCrunch,2026-03-01T22:32:37Z,"Honor launches its new slim foldable Magic V6 with a 6,600 mAh battery",2026-03-01T15:13:09Z,TechCrunch,https://techcrunch.com/2026/03/01/honor-launches-its-new-slim-foldable-magic-v6-with-a-6600-mah-battery/
TechCrunch,2026-03-01T22:32:37Z,Honor says its ‘Robot phone’ with moving camera can dance to music,2026-03-01T15:30:00Z,TechCrunch,https://techcrunch.com/2026/03/01/honor-says-its-robot-phone-with-moving-camera-can-dance-to-music/
TechCrunch,2026-03-01T22:32:37Z,OpenAI reveals more details about its agreement with the Pentagon,2026-03-01T16:30:10Z,TechCrunch,https://techcrunch.com/2026/03/01/openai-shares-more-details-about-its-agreement-with-the-pentagon/
Google News RSS,2026-03-01T22:32:37Z,Apple replacing Core ML with modernized Core AI framework for iOS 27 at WWDC - 9to5Mac,2026-03-01T16:31:00Z,9to5Mac,https://news.google.com/rss/articles/CBMirAFBVV95cUxON0ptWkVPTWlaenpwaWNRR3I1NEdQeEU0MEpULWJGdHhDUEhyemVrb1JoQWJNWko0elNJeXhXOHhIWXJjS3RZYVVWejlpNlpaNzNzN2txVThZb1JtUkF5SFBCdERyVU9jRHExOHVVWV9oQ2tHQjNhWmw5cE04QTdrX0xLS2FZWVhPNzQ0M0JmaWdyVE5EQXZJWDBXNU1OS2tvOEtpR0JURUZ4Y1Jh?oc=5
Google News RSS,2026-03-01T22:32:37Z,Fear of AI eliminating jobs makes its way to football - NBC Sports,2026-03-01T16:47:37Z,NBC Sports,https://news.google.com/rss/articles/CBMitgFBVV95cUxPUFppb0pCX2N4RE5HZ09LMjhZMS1BZFhub2swbjZ2dUc5S3p6OTdlYzFzd0FhSk1CSXFYdFk1NUFZTERfQlVLVXliNkZrUGVRd1hTTzRWazZWS3hvUUlUNC1rMmd1SE9HaHZOQk9yZzcxN3BWZEJvcHZTRy1wRlBXVUp3UHFDUzItYlRaSjNPQkZoUFdhZmJ0TldzeVJKSDRPdU9BVzlsalpNUlhpRUQwRjlmZDc2Zw?oc=5
TechCrunch,2026-03-01T22:32:37Z,Investors spill what they aren’t looking for anymore in AI SaaS companies,2026-03-01T17:00:00Z,TechCrunch,https://techcrunch.com/2026/03/01/investors-spill-what-they-arent-looking-for-anymore-in-ai-saas-companies/
Google News RSS,2026-03-01T22:32:37Z,Investors spill what they aren’t looking for anymore in AI SaaS companies - TechCrunch,2026-03-01T17:00:00Z,TechCrunch,https://news.google.com/rss/articles/CBMiqwFBVV95cUxPUU5oQ0pka0x5R1ZMS09HX05wUkdQR1FkNHRxR2xDZXVBQk5HVUl6Z0EweG85NEdnR0ZKaFhIbVhFUm4yTTVpX0NyZUpKaE92anJ0QUhlX3R0VmE4SFBXQTVqTExfT1FVc3d6b1VwVW9CN0J4N19ieGN3RkkwNl9GVUtIeHR2ZFAyeGliYS00dzU2VHlWSXl6M2ZSek80THFNWmxNVHRneUd0Z2c?oc=5
Google News RSS,2026-03-01T22:32:37Z,Honor's humanoid robot shows off impressive dancing skills at MWC - Mashable,2026-03-01T17:06:24Z,Mashable,https://news.google.com/rss/articles/CBMickFVX3lxTE9GZ0xRUjJIc3hMN1p1bFY5X0sydXRDRlFHTnU0UFFrTkRmNU9FMGNIRDJtZHZuRG5qejZmeG1fRFhERGJfV3Z1S0g1b2RGMnM1cXBPYUlWclhKZFpPUk5DaTJPRWFxQnpHMUJ2RlNXR2JyQQ?oc=5
TechCrunch,2026-03-01T22:32:37Z,Google looks to tackle longstanding RCS spam in India — but not alone,2026-03-01T17:30:00Z,TechCrunch,https://techcrunch.com/2026/03/01/google-looks-to-tackle-longstanding-rcs-spam-in-india-but-not-alone/
TechCrunch,2026-03-01T22:32:37Z,Let’s explore the best alternatives to Discord,2026-03-01T19:00:01Z,TechCrunch,https://techcrunch.com/2026/03/01/best-discord-alternatives-age-verification-identity-privacy/
TechCrunch,2026-03-01T22:32:37Z,Polymarket saw $529M traded on bets tied to bombing of Iran,2026-03-01T19:05:35Z,TechCrunch,https://techcrunch.com/2026/03/01/polymarket-saw-529m-traded-on-bets-tied-to-bombing-of-iran/
